{
  "codeSystems" : [
    {
      "url" : "http://hl7.org/fhir/audit-event-action",
      "version" : "5.0.0",
      "status" : "active",
      "name" : "AuditEventAction",
      "title" : "Audit Event Action",
      "description" : "Indicator for type of action performed during the event that generated the event.",
      "oids" : [
        "2.16.840.1.113883.4.642.4.453",
        "2.16.840.1.113883.4.642.1.446",
        "2.16.840.1.113883.4.642.2.263"
      ],
      "uses" : {
      },
      "http://hl7.org/fhir/R5/valueset-audit-event-action.html" : "Audit Event Action"
    },
    {
      "url" : "http://hl7.org/fhir/audit-event-severity",
      "version" : "5.0.0",
      "status" : "active",
      "name" : "AuditEventSeverity",
      "title" : "Audit Event Severity",
      "description" : "The severity of the audit entry.",
      "oids" : ["2.16.840.1.113883.4.642.4.1894"],
      "uses" : {
      },
      "http://hl7.org/fhir/R5/valueset-audit-event-severity.html" : "Audit Event Severity"
    },
    {
      "url" : "http://hl7.org/fhir/issue-severity",
      "version" : "5.0.0",
      "status" : "active",
      "name" : "IssueSeverity",
      "title" : "Issue Severity",
      "description" : "How the issue affects the success of the action.",
      "oids" : [
        "2.16.840.1.113883.4.642.2.223",
        "2.16.840.1.113883.4.642.1.398",
        "2.16.840.1.113883.4.642.4.409"
      ],
      "uses" : {
      },
      "http://hl7.org/fhir/R5/valueset-audit-event-outcome.html" : "Audit Event Outcome"
    },
    {
      "url" : "http://hl7.org/fhir/restful-interaction",
      "version" : "5.0.0",
      "status" : "active",
      "name" : "FHIRRestfulInteractions",
      "title" : "FHIR Restful Interactions",
      "description" : "The set of interactions defined by the RESTful part of the FHIR specification.",
      "oids" : ["2.16.840.1.113883.4.642.4.1823"],
      "uses" : {
      },
      "http://hl7.org/fhir/R5/valueset-audit-event-sub-type.html" : "Audit Event Sub-Type"
    },
    {
      "url" : "http://hl7.org/fhir/sample-security-structural-roles",
      "version" : "5.0.0",
      "status" : "draft",
      "name" : "SampleSecurityStructuralRoles",
      "title" : "Sample Codes for Security Structural Role",
      "description" : "This codeSystem contains example structural roles. In general, two types of roles can be distinguished: structural roles and functional roles. Structural Roles reflect human or organizational categories (hierarchies), and describe prerequisites, feasibilities, or competences for actions. Functional roles are bound to the realization or performance of actions..",
      "oids" : ["2.16.840.1.113883.4.642.4.1800"],
      "uses" : {
      },
      "http://hl7.org/fhir/R5/valueset-security-role-type.html" : "Security Role Type"
    },
    {
      "url" : "http://terminology.hl7.org/CodeSystem/audit-event-type",
      "version" : "1.0.0",
      "status" : "active",
      "name" : "AuditEventID",
      "title" : "Audit Event ID",
      "description" : "Event Types for Audit Events - defined by DICOM with some FHIR specific additions.",
      "oids" : ["2.16.840.1.113883.4.642.1.1136"],
      "uses" : {
      },
      "http://hl7.org/fhir/R5/valueset-audit-event-type.html" : "Audit Event ID"
    },
    {
      "url" : "http://terminology.hl7.org/CodeSystem/extra-security-role-type",
      "version" : "1.0.1",
      "status" : "active",
      "name" : "SecurityRoleType",
      "title" : "Security Role Type",
      "description" : "This CodeSystem contains Additional FHIR-defined Security Role types not defined elsewhere",
      "uses" : {
      },
      "http://hl7.org/fhir/R5/valueset-participation-role-type.html" : "Participation Role Type"
    },
    {
      "url" : "http://terminology.hl7.org/CodeSystem/object-role",
      "version" : "1.1.0",
      "status" : "active",
      "name" : "AuditEventEntityRole",
      "title" : "AuditEventEntityRole",
      "description" : "Code representing the role the entity played in the audit event.",
      "oids" : ["2.16.840.1.113883.4.642.1.1135"],
      "uses" : {
      },
      "http://hl7.org/fhir/R5/valueset-object-role.html" : "Audit Event Entity Role"
    },
    {
      "url" : "http://terminology.hl7.org/CodeSystem/operation-outcome",
      "version" : "3.0.0",
      "status" : "draft",
      "name" : "OperationOutcomeCodes",
      "title" : "Operation Outcome Codes",
      "description" : "Operation Outcome codes used by FHIR test servers (see Implementation file translations.xml)",
      "oids" : ["2.16.840.1.113883.4.642.1.1127"],
      "uses" : {
      },
      "http://hl7.org/fhir/R5/valueset-audit-event-outcome-detail.html" : "Audit Event Outcome Detail"
    },
    {
      "url" : "http://terminology.hl7.org/CodeSystem/security-source-type",
      "version" : "1.0.0",
      "status" : "active",
      "name" : "AuditEventSourceType",
      "title" : "Audit Event Source Type",
      "description" : "The type of process where the audit event originated from.",
      "oids" : ["2.16.840.1.113883.4.642.1.1137"],
      "uses" : {
      },
      "http://hl7.org/fhir/R5/valueset-security-source-type.html" : "Audit Event Source Type"
    },
    {
      "url" : "http://terminology.hl7.org/CodeSystem/v3-ActReason",
      "version" : "3.1.0",
      "status" : "active",
      "name" : "ActReason",
      "title" : "ActReason",
      "description" : "A set of codes specifying the motivation, cause, or rationale of an Act, when such rationale is not reasonably represented as an ActRelationship of type \"has reason\" linking to another Act.\r\n\r\n*Examples:* Example reasons that might qualify for being coded in this field might be: \"routine requirement\", \"infectious disease reporting requirement\", \"on patient request\", \"required by law\".",
      "oids" : ["2.16.840.1.113883.5.8"],
      "uses" : {
      },
      "http://terminology.hl7.org/7.0.0/ValueSet-v3-PurposeOfUse.html" : "PurposeOfUse"
    }
  ]
}
